benchmark,tracker,tracker_year,preferred_detector,detector_id,detector,FPS,target_fps,avg_ms_per_frame,sequence_count,HOTA,DetA,AssA,MOTA,IDF1,IDCons,IDSW,Frag,MT,ML,run_id,evaluated_at,experiment_dir
fasttracker_bench,fasttracker,2025,YOLOX,gt_vehicles,gt,30,,3.9448,12,0.9710127868593263,0.9686202831687011,0.973504167384175,0.9824602632028713,0.9861689343594863,0.9908495044784897,133.0,358.0,848.0,8.0,fasttracker_bench_fasttracker_gt_20260817_083521,2026-08-17T05:43:53.875904+00:00,/media/7TBSSD/data/tracking/experiments/fasttracker_bench_fasttracker_gt_20260817_083521
fasttracker_bench,ocsort,2023,YOLOX,gt_vehicles,gt,30,,4.4599,12,0.9907947488650324,0.9958461170190251,0.9857690045969932,0.9959375780602922,0.9920220254669462,0.9922502590728088,58.0,52.0,1009.0,7.0,fasttracker_bench_ocsort_gt_20260817_083521,2026-08-17T05:44:01.813643+00:00,/media/7TBSSD/data/tracking/experiments/fasttracker_bench_ocsort_gt_20260817_083521
fasttracker_bench,hybridsort,2024,YOLOX,gt_vehicles,gt,30,,7.9677,12,0.9907521846295723,0.9959466714454647,0.9855847903224415,0.9958373322114563,0.9919303113511644,0.992049690917445,70.0,69.0,1009.0,7.0,fasttracker_bench_hybridsort_gt_20260817_083521,2026-08-17T05:45:11.275706+00:00,/media/7TBSSD/data/tracking/experiments/fasttracker_bench_hybridsort_gt_20260817_083521
fasttracker_bench,analytics_bytetrack,2022,YOLO,gt_vehicles,gt,30,,4.6352,12,0.9920493970130482,0.9987135414833656,0.985429720944039,0.9987000907142763,0.9918652663150989,0.9921172711635992,49.0,35.0,1013.0,6.0,fasttracker_bench_analytics_bytetrack_gt_20260817_083521,2026-08-17T05:44:06.972555+00:00,/media/7TBSSD/data/tracking/experiments/fasttracker_bench_analytics_bytetrack_gt_20260817_083521
fasttracker_bench,analytics_bytetrack_plus,2022,YOLO,gt_vehicles,gt,30,,8.3883,12,0.9897973890168567,0.998499098798871,0.9811715132362577,0.9984601580268988,0.9903961426699053,0.9882104304685331,107.0,103.0,1013.0,6.0,fasttracker_bench_analytics_bytetrack_plus_gt_20260817_083521,2026-08-17T05:45:19.104264+00:00,/media/7TBSSD/data/tracking/experiments/fasttracker_bench_analytics_bytetrack_plus_gt_20260817_083521
fasttracker_bench,botsort,2022,YOLOX,gt_vehicles,gt,30,,4.0169,12,0.9937916881049401,0.9984240955382649,0.9891817045655963,0.9997206263229166,0.9945538566714434,0.9919067195933158,164.0,13.0,1021.0,0.0,fasttracker_bench_botsort_gt_20260817_083521,2026-08-17T05:43:54.756580+00:00,/media/7TBSSD/data/tracking/experiments/fasttracker_bench_botsort_gt_20260817_083521
ua_detrac,fasttracker,2025,YOLOX,gt_vehicles,gt,25,,1.3865,60,0.8801835433740595,0.8625109931540683,0.8997502156460543,0.9423632039125428,0.9710560595448624,0.9992797186769156,25.0,855.0,5605.0,38.0,ua_detrac_fasttracker_gt_20260817_083521,2026-08-17T05:45:06.566045+00:00,/media/7TBSSD/data/tracking/experiments/ua_detrac_fasttracker_gt_20260817_083521
ua_detrac,ocsort,2023,YOLOX,gt_vehicles,gt,25,,1.6283,60,0.9723376526135228,0.972171046263291,0.9725042875574703,0.9721953396480918,0.9856399234536052,0.9997849842793662,11.0,17.0,5798.0,27.0,ua_detrac_ocsort_gt_20260817_083521,2026-08-17T05:45:25.499042+00:00,/media/7TBSSD/data/tracking/experiments/ua_detrac_ocsort_gt_20260817_083521
ua_detrac,hybridsort,2024,YOLOX,gt_vehicles,gt,25,,2.4691,60,0.9723371874166634,0.9721750196017064,0.9724993823246725,0.9721986825588644,0.985640807464102,0.9997767935159938,12.0,17.0,5798.0,26.0,ua_detrac_hybridsort_gt_20260817_083521,2026-08-17T05:48:18.776748+00:00,/media/7TBSSD/data/tracking/experiments/ua_detrac_hybridsort_gt_20260817_083521
ua_detrac,analytics_bytetrack,2022,YOLO,gt_vehicles,gt,25,,2.2989,60,0.9880431515434313,0.9907188961841836,0.9853746336331344,0.9907217511503792,0.9917869958809039,0.9994765749601563,27.0,1.0,5918.0,21.0,ua_detrac_analytics_bytetrack_gt_20260817_083521,2026-08-17T05:48:09.537670+00:00,/media/7TBSSD/data/tracking/experiments/ua_detrac_analytics_bytetrack_gt_20260817_083521
ua_detrac,analytics_bytetrack_plus,2022,YOLO,gt_vehicles,gt,25,,3.7552,60,0.9877875990418022,0.9906470253349442,0.9849364263116908,0.9905512627009716,0.992497869428503,0.9988676991025444,86.0,33.0,5914.0,25.0,ua_detrac_analytics_bytetrack_plus_gt_20260817_083521,2026-08-17T05:50:22.910521+00:00,/media/7TBSSD/data/tracking/experiments/ua_detrac_analytics_bytetrack_plus_gt_20260817_083521
ua_detrac,botsort,2022,YOLOX,gt_vehicles,gt,25,,1.2398,60,0.9886090396465305,0.9865818568273609,0.9907545352095853,0.9999715852584321,0.9996732301988783,0.9997738500899089,16.0,1.0,5952.0,0.0,ua_detrac_botsort_gt_20260817_083521,2026-08-17T05:46:52.031163+00:00,/media/7TBSSD/data/tracking/experiments/ua_detrac_botsort_gt_20260817_083521
trafficmot,fasttracker,2025,YOLOX,gt_vehicles,gt,10,,7.0968,27,0.9003678326252774,0.8802699158054721,0.923567609359052,0.9705309553095531,0.9851855622868197,0.9995662100456622,5.0,42.0,706.0,1.0,trafficmot_fasttracker_gt_20260817_083521,2026-08-17T05:45:14.830154+00:00,/media/7TBSSD/data/tracking/experiments/trafficmot_fasttracker_gt_20260817_083521
trafficmot,ocsort,2023,YOLOX,gt_vehicles,gt,10,,5.0525,27,0.9902778302960332,0.9894649417411139,0.9910913866764784,0.9892886428864288,0.993869455463397,0.9987667289137878,7.0,32.0,706.0,3.0,trafficmot_ocsort_gt_20260817_083521,2026-08-17T05:45:17.743281+00:00,/media/7TBSSD/data/tracking/experiments/trafficmot_ocsort_gt_20260817_083521
trafficmot,hybridsort,2024,YOLOX,gt_vehicles,gt,10,,7.1487,27,0.9902778302960332,0.9894649417411139,0.9910913866764784,0.9892886428864288,0.993869455463397,0.9987667289137878,7.0,32.0,706.0,3.0,trafficmot_hybridsort_gt_20260817_083521,2026-08-17T05:45:22.757855+00:00,/media/7TBSSD/data/tracking/experiments/trafficmot_hybridsort_gt_20260817_083521
trafficmot,analytics_bytetrack,2022,YOLO,gt_vehicles,gt,10,,3.6929,27,0.9964700274777518,0.9969980762121858,0.9959422584216043,0.9968737187371873,0.9976648104903898,0.9989605355884426,6.0,31.0,724.0,0.0,trafficmot_analytics_bytetrack_gt_20260817_083521,2026-08-17T05:45:22.861044+00:00,/media/7TBSSD/data/tracking/experiments/trafficmot_analytics_bytetrack_gt_20260817_083521
trafficmot,analytics_bytetrack_plus,2022,YOLO,gt_vehicles,gt,10,,6.0000,27,0.9964700274777518,0.9969980762121858,0.9959422584216043,0.9968737187371873,0.9976648104903898,0.9989605355884426,6.0,31.0,724.0,0.0,trafficmot_analytics_bytetrack_plus_gt_20260817_083521,2026-08-17T05:45:26.094259+00:00,/media/7TBSSD/data/tracking/experiments/trafficmot_analytics_bytetrack_plus_gt_20260817_083521
trafficmot,botsort,2022,YOLOX,gt_vehicles,gt,10,,4.2617,27,0.9698129016472338,0.9648852775957354,0.9754523749004281,0.9990774907749077,0.9984624846248462,0.9971867770208338,18.0,35.0,731.0,0.0,trafficmot_botsort_gt_20260817_083521,2026-08-17T05:45:28.320596+00:00,/media/7TBSSD/data/tracking/experiments/trafficmot_botsort_gt_20260817_083521
cityflow,fasttracker,2025,YOLOX,gt_vehicles,gt,10,,0.6222,36,0.8962302567275129,0.8972714986090385,0.8965225095429964,0.9546705520479197,0.955862430625355,0.9849878600542255,60.0,193.0,764.0,1.0,cityflow_fasttracker_gt_20260817_083521,2026-08-17T05:46:04.507622+00:00,/media/7TBSSD/data/tracking/experiments/cityflow_fasttracker_gt_20260817_083521
cityflow,ocsort,2023,YOLOX,gt_vehicles,gt,10,,0.8160,36,0.9481384238135511,0.96054288801237,0.935894151259462,0.9597038868529884,0.9580981263511891,0.9816453344153298,60.0,156.0,654.0,16.0,cityflow_ocsort_gt_20260817_083521,2026-08-17T05:46:13.772910+00:00,/media/7TBSSD/data/tracking/experiments/cityflow_ocsort_gt_20260817_083521
cityflow,hybridsort,2024,YOLOX,gt_vehicles,gt,10,,0.9981,36,0.9420753235304236,0.9602485475595696,0.9242460378302929,0.9593359530222085,0.9507793026817623,0.981209655409754,65.0,163.0,654.0,16.0,cityflow_hybridsort_gt_20260817_083521,2026-08-17T05:46:23.732728+00:00,/media/7TBSSD/data/tracking/experiments/cityflow_hybridsort_gt_20260817_083521
cityflow,analytics_bytetrack,2022,YOLO,gt_vehicles,gt,10,,0.7357,36,0.9637960734314032,0.9887600184517681,0.9394624115293708,0.9885057471264368,0.9571561764662355,0.9900891382178342,29.0,186.0,766.0,1.0,cityflow_analytics_bytetrack_gt_20260817_083521,2026-08-17T05:46:15.519380+00:00,/media/7TBSSD/data/tracking/experiments/cityflow_analytics_bytetrack_gt_20260817_083521
cityflow,analytics_bytetrack_plus,2022,YOLO,gt_vehicles,gt,10,,1.0542,36,0.963090710695307,0.9880938364631779,0.9387202741266741,0.9873725109276348,0.9604477114748273,0.9871125737969558,51.0,215.0,764.0,1.0,cityflow_analytics_bytetrack_plus_gt_20260817_083521,2026-08-17T05:46:59.781886+00:00,/media/7TBSSD/data/tracking/experiments/cityflow_analytics_bytetrack_plus_gt_20260817_083521
cityflow,botsort,2022,YOLOX,gt_vehicles,gt,10,,0.5592,36,0.9646148063795521,0.9789577125623896,0.9506641146042268,0.9987490249753485,0.9727287444625958,0.9811287870411537,85.0,194.0,808.0,0.0,cityflow_botsort_gt_20260817_083521,2026-08-17T05:46:51.660465+00:00,/media/7TBSSD/data/tracking/experiments/cityflow_botsort_gt_20260817_083521
lumana_benchmark,fasttracker,2025,YOLOX,gt_vehicles,gt,20,,1.2343,24,0.9027532304719807,0.9543623234173665,0.8543074293545321,0.9792869866278632,0.9041940820252559,0.9114864602388244,277.0,578.0,404.0,7.0,lumana_benchmark_fasttracker_gt_20260817_083521,2026-08-17T05:47:12.188479+00:00,/media/7TBSSD/data/tracking/experiments/lumana_benchmark_fasttracker_gt_20260817_083521
lumana_benchmark,ocsort,2023,YOLOX,gt_vehicles,gt,20,,1.6359,24,0.9193659924344433,0.9890234573689435,0.8546145422144934,0.9876665244988585,0.8985576704789099,0.8963324284228039,310.0,555.0,346.0,25.0,lumana_benchmark_ocsort_gt_20260817_083521,2026-08-17T05:47:30.586439+00:00,/media/7TBSSD/data/tracking/experiments/lumana_benchmark_ocsort_gt_20260817_083521
lumana_benchmark,hybridsort,2024,YOLOX,gt_vehicles,gt,20,,2.4226,24,0.9177706069839349,0.9886633173262069,0.8519613104139234,0.9875511176898567,0.8963288658155427,0.8970907110894526,308.0,560.0,346.0,25.0,lumana_benchmark_hybridsort_gt_20260817_083521,2026-08-17T05:48:19.243465+00:00,/media/7TBSSD/data/tracking/experiments/lumana_benchmark_hybridsort_gt_20260817_083521
lumana_benchmark,analytics_bytetrack,2022,YOLO,gt_vehicles,gt,20,,1.3710,24,0.9321136104794132,0.9973287089618417,0.8711629306037059,0.9971650066484358,0.9157114770892602,0.9225862129241013,238.0,558.0,435.0,6.0,lumana_benchmark_analytics_bytetrack_gt_20260817_083521,2026-08-17T05:47:49.419479+00:00,/media/7TBSSD/data/tracking/experiments/lumana_benchmark_analytics_bytetrack_gt_20260817_083521
lumana_benchmark,analytics_bytetrack_plus,2022,YOLO,gt_vehicles,gt,20,,2.3608,24,0.9523946750768637,0.9946859981868038,0.9119014665622079,0.993747961564515,0.940148070655454,0.9275586876180266,304.0,627.0,425.0,8.0,lumana_benchmark_analytics_bytetrack_plus_gt_20260817_083521,2026-08-17T05:48:23.842649+00:00,/media/7TBSSD/data/tracking/experiments/lumana_benchmark_analytics_bytetrack_plus_gt_20260817_083521
lumana_benchmark,botsort,2022,YOLOX,gt_vehicles,gt,20,,1.3427,24,0.9133526596791248,0.9930785850102682,0.8400583922087851,0.9982387917408866,0.8890912694529954,0.8934482971939383,348.0,558.0,464.0,0.0,lumana_benchmark_botsort_gt_20260817_083521,2026-08-17T05:48:16.408044+00:00,/media/7TBSSD/data/tracking/experiments/lumana_benchmark_botsort_gt_20260817_083521
